{
  "1_{'Ti': 0.5555555555555556, 'Ga': 0.4444444444444444}": -0.21219196000004104,
  "2_{'Ca': 0.5, 'Zn': 0.5}": -0.0726977799999915,
  "3_{'Ir': 1.0}": -0.42594229999997424,
  "4_{'Ir': 1.0}": -0.42594229999997424
}